filename,score
000231.png,0.5039861798286438
000437.png,0.4829876720905304
000193.png,0.48237404227256775
000180.png,0.511909544467926
000208.png,0.5047358870506287
000240.png,0.5257681012153625
000288.png,0.5027470588684082
000170.png,0.47776904702186584
000174.png,0.507347822189331
000188.png,0.5021068453788757
